{
"lengthUnit": "mil",
"components": {
	"fields": ["COMPONENT_NO", "COMPONENT_NAME", "LAYER", "X_COORDINATE", "Y_COORDINATE", "ANGLE"],
	"rows": [
		[1, "C1", "B", 4731.45, 4541.52, 180],
		[2, "C2", "B", 4498.45, 4715.52, 0],
		[3, "C3", "B", 4443.45, 4733.52, 90],
		[4, "C4", "B", 4795.45, 4574.52, 180],
		[5, "C5", "B", 4989.45, 4080.52, 270],
		[6, "C6", "B", 5108.45, 4545.52, 270],
		[7, "C7", "B", 5071.45, 4545.52, 270],
		[8, "C8", "B", 4223, 4268, 0],
		[9, "C9", "B", 4284, 4238, 90],
		[10, "C10", "B", 4333, 4220, 90],
		[11, "C11", "B", 5909, 4161, 0],
		[12, "C12", "T", 5494.55, 4278.48, 90],
		[13, "C13", "T", 5532.55, 4279.48, 90],
		[14, "C14", "T", 4640.45, 4337.52, 90],
		[15, "C15", "T", 4932.45, 4652.52, 0],
		[16, "C16", "T", 4672.45, 4337.52, 90],
		[17, "C17", "B", 4364, 4220, 90],
		[18, "C18", "T", 5418.45, 4096.52, 0],
		[19, "C19", "T", 5419.45, 4059.52, 0],
		[20, "C20", "B", 5262.45, 4381.52, 270],
		[21, "C21", "B", 5230.45, 4381.52, 270],
		[22, "C22", "T", 5248, 4368, 90],
		[23, "C23", "T", 5213, 4367, 90],
		[24, "C24", "T", 5210.45, 4433.52, 270],
		[25, "C25", "B", 5343, 4051, 180],
		[26, "C26", "B", 4750.45, 4497.52, 90],
		[27, "C27", "B", 5182, 4349, 0],
		[28, "C28", "B", 5182, 4316, 0],
		[29, "C29", "B", 4762.45, 4604.52, 0],
		[30, "C30", "T", 4525.45, 4722.52, 270],
		[31, "C31", "B", 5388.5, 4653.52, 180],
		[32, "J1", "T", 5785.35, 4224.53, 270],
		[33, "J2", "T", 5964.57, 4589.53, 270],
		[34, "L1", "B", 5785, 4161, 180],
		[35, "L2", "B", 5268.45, 4473.52, 180],
		[36, "ML1", "T", 4946.3, 4370.08, 0],
		[37, "P1", "T", 4137, 4370, 180],
		[38, "P2", "T", 4118, 4479, 90],
		[39, "P3", "B", 4483, 4156, 270],
		[40, "P4", "B", 5575, 4072, 90],
		[41, "R1", "T", 5126.45, 4060.52, 0],
		[42, "R2", "B", 4574, 4075, 90],
		[43, "R3", "B", 4574, 4137, 270],
		[44, "R4", "T", 5206.45, 4092.52, 270],
		[45, "R5", "T", 5173.45, 4092.52, 90],
		[46, "R6", "B", 4730.45, 4572.52, 0],
		[47, "R7", "T", 4356, 4008, 0],
		[48, "R8", "T", 5251.45, 4247.52, 270],
		[49, "R9", "T", 5215.45, 4177.52, 270],
		[50, "R10", "T", 4672.45, 4531.52, 90],
		[51, "R11", "T", 4661.45, 4389.52, 180],
		[52, "R12", "B", 4498, 4748, 180],
		[53, "R13", "B", 4977.45, 4587.52, 0],
		[54, "R14", "B", 5475, 4127, 270],
		[55, "R15", "B", 5473, 4194, 90],
		[56, "R16", "B", 4658, 4530, 90],
		[57, "R18", "B", 4226, 3989, 180],
		[58, "TP1", "B", 5487, 4018, 270],
		[59, "TP2", "B", 5244, 4528, 270],
		[60, "TP3", "B", 5890, 4238, 270],
		[61, "U1", "T", 4946.36, 4370.08, 0],
		[62, "U2", "B", 4927.45, 4347.52, 270],
		[63, "U3", "B", 4240, 4138, 90],
		[64, "U4", "T", 5425.45, 4181.52, 90],
		[65, "U5", "B", 5335.45, 4135.52, 0],
		[66, "U6", "T", 5672, 4330, 270],
		[67, "X1", "B", 4478, 4579, 90]
	]
},
"pins": {
	"fields": ["PIN_NO", "PIN_NAME", "PIN_X", "PIN_Y", "LAYER", "PIN_TYPE", "NET_NAME", "NET_TYPE", "PAD_SHAPE", "PAD_SIZEX", "PAD_SIZEY", "HOLE_SIZE", "PAD_ANGLE"],
	"rows": [
		[1, "C1_1", 4751.45, 4541.52, "B", "SMD", "GND", "GND", "R", 15, 20, 0, 180],
		[2, "C1_2", 4711.45, 4541.52, "B", "SMD", "RSTN", "", "R", 15, 20, 0, 180],
		[3, "C2_1", 4478.45, 4715.52, "B", "SMD", "GND", "GND", "R", 15, 20, 0, 0],
		[4, "C2_2", 4518.45, 4715.52, "B", "SMD", "XSCO", "", "R", 15, 20, 0, 0],
		[5, "C3_1", 4443.45, 4713.52, "B", "SMD", "GND", "GND", "R", 15, 20, 0, 90],
		[6, "C3_2", 4443.45, 4753.52, "B", "SMD", "XSCI", "", "R", 15, 20, 0, 90],
		[7, "C4_1", 4815.45, 4574.52, "B", "SMD", "ESP1V8", "", "R", 15, 20, 0, 180],
		[8, "C4_2", 4775.45, 4574.52, "B", "SMD", "GND", "GND", "R", 15, 20, 0, 180],
		[9, "C5_1", 4989.45, 4100.52, "B", "SMD", "ESP3V3", "", "R", 15, 20, 0, 270],
		[10, "C5_2", 4989.45, 4060.52, "B", "SMD", "GND", "GND", "R", 15, 20, 0, 270],
		[11, "C6_1", 5108.45, 4565.52, "B", "SMD", "ESP2V8", "", "R", 15, 20, 0, 270],
		[12, "C6_2", 5108.45, 4525.52, "B", "SMD", "GND", "GND", "R", 15, 20, 0, 270],
		[13, "C7_1", 5071.45, 4565.52, "B", "SMD", "ESP2V8", "", "R", 15, 20, 0, 270],
		[14, "C7_2", 5071.45, 4525.52, "B", "SMD", "GND", "GND", "R", 15, 20, 0, 270],
		[15, "C8_1", 4203, 4268, "B", "SMD", "UC_RST_B", "", "R", 15, 20, 0, 0],
		[16, "C8_2", 4243, 4268, "B", "SMD", "GND", "GND", "R", 15, 20, 0, 0],
		[17, "C9_1", 4284, 4218, "B", "SMD", "VCAP", "", "R", 15, 20, 0, 90],
		[18, "C9_2", 4284, 4258, "B", "SMD", "GND", "GND", "R", 15, 20, 0, 90],
		[19, "C10_1", 4333, 4200, "B", "SMD", "VCC3V3D", "", "R", 15, 20, 0, 90],
		[20, "C10_2", 4333, 4240, "B", "SMD", "GND", "GND", "R", 15, 20, 0, 90],
		[21, "C11_1", 5889, 4161, "B", "SMD", "VCC5V_USB", "", "R", 15, 20, 0, 0],
		[22, "C11_2", 5929, 4161, "B", "SMD", "GND", "GND", "R", 15, 20, 0, 0],
		[23, "C12_1", 5494.55, 4258.48, "T", "SMD", "VCC5V_USB_FILT", "", "R", 15, 20, 0, 90],
		[24, "C12_2", 5494.55, 4298.48, "T", "SMD", "GND", "GND", "R", 15, 20, 0, 90],
		[25, "C13_1", 5532.55, 4254.48, "T", "SMD", "VCC5V_USB_FILT", "", "R", 25, 30, 0, 90],
		[26, "C13_2", 5532.55, 4304.48, "T", "SMD", "GND", "GND", "R", 25, 30, 0, 90],
		[27, "C14_1", 4640.45, 4317.52, "T", "SMD", "VCC3V3D", "", "R", 15, 20, 0, 90],
		[28, "C14_2", 4640.45, 4357.52, "T", "SMD", "GND", "GND", "R", 15, 20, 0, 90],
		[29, "C15_1", 4912.45, 4652.52, "T", "SMD", "VCC3V3D", "", "R", 15, 20, 0, 0],
		[30, "C15_2", 4952.45, 4652.52, "T", "SMD", "GND", "GND", "R", 15, 20, 0, 0],
		[31, "C16_1", 4672.45, 4317.52, "T", "SMD", "VCC3V3D", "", "R", 15, 20, 0, 90],
		[32, "C16_2", 4672.45, 4357.52, "T", "SMD", "GND", "GND", "R", 15, 20, 0, 90],
		[33, "C17_1", 4364, 4200, "B", "SMD", "VCC3V3D", "", "R", 15, 20, 0, 90],
		[34, "C17_2", 4364, 4240, "B", "SMD", "GND", "GND", "R", 15, 20, 0, 90],
		[35, "C18_1", 5393.45, 4096.52, "T", "SMD", "VCC3V3D", "", "R", 25, 30, 0, 0],
		[36, "C18_2", 5443.45, 4096.52, "T", "SMD", "GND", "GND", "R", 25, 30, 0, 0],
		[37, "C19_1", 5399.45, 4059.52, "T", "SMD", "VCC3V3D", "", "R", 15, 20, 0, 0],
		[38, "C19_2", 5439.45, 4059.52, "T", "SMD", "GND", "GND", "R", 15, 20, 0, 0],
		[39, "C20_1", 5262.45, 4401.52, "B", "SMD", "VCC3V3A", "", "R", 15, 20, 0, 270],
		[40, "C20_2", 5262.45, 4361.52, "B", "SMD", "GND", "GND", "R", 15, 20, 0, 270],
		[41, "C21_1", 5230.45, 4401.52, "B", "SMD", "VCC3V3A", "", "R", 15, 20, 0, 270],
		[42, "C21_2", 5230.45, 4361.52, "B", "SMD", "GND", "GND", "R", 15, 20, 0, 270],
		[43, "C22_1", 5248, 4348, "T", "SMD", "VCC3V3A", "", "R", 15, 20, 0, 90],
		[44, "C22_2", 5248, 4388, "T", "SMD", "GND", "GND", "R", 15, 20, 0, 90],
		[45, "C23_1", 5213, 4347, "T", "SMD", "VCC3V3A", "", "R", 15, 20, 0, 90],
		[46, "C23_2", 5213, 4387, "T", "SMD", "GND", "GND", "R", 15, 20, 0, 90],
		[47, "C24_1", 5210.45, 4453.52, "T", "SMD", "VCC3V3A", "", "R", 15, 20, 0, 270],
		[48, "C24_2", 5210.45, 4413.52, "T", "SMD", "GND", "GND", "R", 15, 20, 0, 270],
		[49, "C25_1", 5363, 4051, "B", "SMD", "VCC3V3D", "", "R", 15, 20, 0, 180],
		[50, "C25_2", 5323, 4051, "B", "SMD", "GND", "GND", "R", 15, 20, 0, 180],
		[51, "C26_1", 4750.45, 4477.52, "B", "SMD", "ESP1V8", "", "R", 15, 20, 0, 90],
		[52, "C26_2", 4750.45, 4517.52, "B", "SMD", "GND", "GND", "R", 15, 20, 0, 90],
		[53, "C27_1", 5162, 4349, "B", "SMD", "NETC27_1", "", "R", 15, 20, 0, 0],
		[54, "C27_2", 5202, 4349, "B", "SMD", "GND", "GND", "R", 15, 20, 0, 0],
		[55, "C28_1", 5162, 4316, "B", "SMD", "NETC28_1", "", "R", 15, 20, 0, 0],
		[56, "C28_2", 5202, 4316, "B", "SMD", "GND", "GND", "R", 15, 20, 0, 0],
		[57, "C29_1", 4742.45, 4604.52, "B", "SMD", "VCC3V3D", "", "R", 15, 20, 0, 0],
		[58, "C29_2", 4782.45, 4604.52, "B", "SMD", "GND", "GND", "R", 15, 20, 0, 0],
		[59, "C30_1", 4525.45, 4742.52, "T", "SMD", "VCC3V3D", "", "R", 15, 20, 0, 270],
		[60, "C30_2", 4525.45, 4702.52, "T", "SMD", "GND", "GND", "R", 15, 20, 0, 270],
		[61, "C31_1", 5408.5, 4653.52, "B", "SMD", "VCC3V3D", "", "R", 15, 20, 0, 180],
		[62, "C31_2", 5368.5, 4653.52, "B", "SMD", "GND", "GND", "R", 15, 20, 0, 180],
		[63, "J1_1", 5785.35, 4161.54, "T", "SMD", "VCC5V_USB", "", "R", 19.68, 62.99, 0, 270],
		[64, "J1_2", 5785.35, 4193.03, "T", "SMD", "USBDATA_N", "", "R", 19.68, 62.99, 0, 270],
		[65, "J1_3", 5785.35, 4224.53, "T", "SMD", "USBDATA_P", "", "R", 19.68, 62.99, 0, 270],
		[66, "J1_4", 5785.35, 4256.02, "T", "SMD", "J1_4", "", "R", 19.68, 62.99, 0, 270],
		[67, "J1_5", 5785.35, 4287.52, "T", "SMD", "GND", "GND", "R", 19.68, 62.99, 0, 270],
		[68, "J1_5", 5785.35, 4080.83, "T", "DIP", "GND", "GND", "C", 74.8, 74.8, 59.06, 270],
		[69, "J1_5", 5785.35, 4080.83, "B", "DIP", "GND", "GND", "C", 74.8, 74.8, 59.06, 270],
		[70, "J1_6", 5785.35, 4368.23, "T", "DIP", "GND", "GND", "C", 74.8, 74.8, 59.06, 270],
		[71, "J1_6", 5785.35, 4368.23, "B", "DIP", "GND", "GND", "C", 74.8, 74.8, 59.06, 270],
		[72, "J1_7", 5899.53, 4368.23, "T", "DIP", "GND", "GND", "C", 74.8, 74.8, 59.06, 270],
		[73, "J1_7", 5899.53, 4368.23, "B", "DIP", "GND", "GND", "C", 74.8, 74.8, 59.06, 270],
		[74, "J1_8", 5899.53, 4080.83, "T", "DIP", "GND", "GND", "C", 74.8, 74.8, 59.06, 270],
		[75, "J1_8", 5899.53, 4080.83, "B", "DIP", "GND", "GND", "C", 74.8, 74.8, 59.06, 270],
		[76, "J2_1", 5897.64, 4721.42, "T", "SMD", "GND", "GND", "R", 90.55, 66.93, 0, 0],
		[77, "J2_2", 5791.34, 4457.64, "T", "SMD", "LED_OUT", "", "R", 90.55, 66.93, 0, 0],
		[78, "J2_3", 5537.4, 4589.53, "T", "SMD", "EXT_SYNC", "", "R", 90.55, 66.93, 0, 270],
		[79, "J2_999", 5629.92, 4589.53, "T", "DIP", "J2_", "", "C", 35.43, 35.43, 35.43, 0],
		[80, "J2_999", 5629.92, 4589.53, "B", "DIP", "J2_", "", "C", 35.43, 35.43, 35.43, 0],
		[81, "J2_999", 5905.51, 4589.53, "T", "DIP", "J2_A_", "", "C", 35.43, 35.43, 35.43, 0],
		[82, "J2_999", 5905.51, 4589.53, "B", "DIP", "J2_A_", "", "C", 35.43, 35.43, 35.43, 0],
		[83, "L1_1", 5810, 4161, "B", "SMD", "VCC5V_USB", "", "R", 25, 30, 0, 180],
		[84, "L1_2", 5760, 4161, "B", "SMD", "VCC5V_USB_FILT", "", "R", 25, 30, 0, 180],
		[85, "L2_1", 5293.45, 4473.52, "B", "SMD", "VCC3V3D", "", "R", 25, 30, 0, 180],
		[86, "L2_2", 5243.45, 4473.52, "B", "SMD", "VCC3V3A", "", "R", 25, 30, 0, 180],
		[87, "ML1_1", 5379.37, 4370.08, "T", "DIP", "ML1_1", "", "C", 62.99, 62.99, 62.99, 0],
		[88, "ML1_1", 5379.37, 4370.08, "B", "DIP", "ML1_1", "", "C", 62.99, 62.99, 62.99, 0],
		[89, "ML1_2", 4513.23, 4370.08, "T", "DIP", "ML1_2", "", "C", 62.99, 62.99, 62.99, 0],
		[90, "ML1_2", 4513.23, 4370.08, "B", "DIP", "ML1_2", "", "C", 62.99, 62.99, 62.99, 0],
		[91, "P1_1", 4137, 4370, "T", "DIP", "VCC3V3D", "", "R", 59.06, 59.06, 35.43, 180],
		[92, "P1_1", 4137, 4370, "B", "DIP", "VCC3V3D", "", "R", 59.06, 59.06, 35.43, 180],
		[93, "P1_2", 4137, 4270, "T", "DIP", "STATUS_LED", "", "C", 59.06, 59.06, 35.43, 180],
		[94, "P1_2", 4137, 4270, "B", "DIP", "STATUS_LED", "", "C", 59.06, 59.06, 35.43, 180],
		[95, "P1_3", 4037, 4370, "T", "DIP", "IR_SYNC", "", "C", 59.06, 59.06, 35.43, 180],
		[96, "P1_3", 4037, 4370, "B", "DIP", "IR_SYNC", "", "C", 59.06, 59.06, 35.43, 180],
		[97, "P1_4", 4037, 4270, "T", "DIP", "GND", "GND", "C", 59.06, 59.06, 35.43, 180],
		[98, "P1_4", 4037, 4270, "B", "DIP", "GND", "GND", "C", 59.06, 59.06, 35.43, 180],
		[99, "P2_1", 4118, 4479, "T", "DIP", "VCC3V3D", "", "R", 59.06, 59.06, 35.43, 90],
		[100, "P2_1", 4118, 4479, "B", "DIP", "VCC3V3D", "", "R", 59.06, 59.06, 35.43, 90],
		[101, "P2_2", 4118, 4579, "T", "DIP", "UC_SWIM", "", "C", 59.06, 59.06, 35.43, 90],
		[102, "P2_2", 4118, 4579, "B", "DIP", "UC_SWIM", "", "C", 59.06, 59.06, 35.43, 90],
		[103, "P2_3", 4118, 4679, "T", "DIP", "GND", "GND", "C", 59.06, 59.06, 35.43, 90],
		[104, "P2_3", 4118, 4679, "B", "DIP", "GND", "GND", "C", 59.06, 59.06, 35.43, 90],
		[105, "P2_4", 4118, 4779, "T", "DIP", "UC_RST_B", "", "C", 59.06, 59.06, 35.43, 90],
		[106, "P2_4", 4118, 4779, "B", "DIP", "UC_RST_B", "", "C", 59.06, 59.06, 35.43, 90],
		[107, "P3_1", 4483, 4156, "T", "DIP", "SDA", "", "R", 59.06, 59.06, 35.43, 270],
		[108, "P3_1", 4483, 4156, "B", "DIP", "SDA", "", "R", 59.06, 59.06, 35.43, 270],
		[109, "P3_2", 4483, 4056, "T", "DIP", "SCL", "", "C", 59.06, 59.06, 35.43, 270],
		[110, "P3_2", 4483, 4056, "B", "DIP", "SCL", "", "C", 59.06, 59.06, 35.43, 270],
		[111, "P4_1", 5575, 4072, "T", "DIP", "ESCL", "", "R", 59.06, 59.06, 35.43, 90],
		[112, "P4_1", 5575, 4072, "B", "DIP", "ESCL", "", "R", 59.06, 59.06, 35.43, 90],
		[113, "P4_2", 5575, 4172, "T", "DIP", "ESDA", "", "C", 59.06, 59.06, 35.43, 90],
		[114, "P4_2", 5575, 4172, "B", "DIP", "ESDA", "", "C", 59.06, 59.06, 35.43, 90],
		[115, "R1_1", 5106.45, 4060.52, "T", "SMD", "OE", "", "R", 15, 20, 0, 0],
		[116, "R1_2", 5146.45, 4060.52, "T", "SMD", "VCC3V3D", "", "R", 15, 20, 0, 0],
		[117, "R2_1", 4574, 4055, "B", "SMD", "SCL", "", "R", 15, 20, 0, 90],
		[118, "R2_2", 4574, 4095, "B", "SMD", "VCC3V3D", "", "R", 15, 20, 0, 90],
		[119, "R3_1", 4574, 4157, "B", "SMD", "SDA", "", "R", 15, 20, 0, 270],
		[120, "R3_2", 4574, 4117, "B", "SMD", "VCC3V3D", "", "R", 15, 20, 0, 270],
		[121, "R4_1", 5206.45, 4112.52, "T", "SMD", "GND", "GND", "R", 15, 20, 0, 270],
		[122, "R4_2", 5206.45, 4072.52, "T", "SMD", "SRST_B", "", "R", 15, 20, 0, 270],
		[123, "R5_1", 5173.45, 4072.52, "T", "SMD", "VCC3V3D", "", "R", 15, 20, 0, 90],
		[124, "R5_2", 5173.45, 4112.52, "T", "SMD", "ADR0", "", "R", 15, 20, 0, 90],
		[125, "R6_1", 4710.45, 4572.52, "B", "SMD", "RSTN", "", "R", 15, 20, 0, 0],
		[126, "R6_2", 4750.45, 4572.52, "B", "SMD", "VCC3V3D", "", "R", 15, 20, 0, 0],
		[127, "R7_1", 4336, 4008, "T", "SMD", "GND", "GND", "R", 15, 20, 0, 0],
		[128, "R7_2", 4376, 4008, "T", "SMD", "EXP", "", "R", 15, 20, 0, 0],
		[129, "R8_1", 5251.45, 4267.52, "T", "SMD", "GND", "GND", "R", 15, 20, 0, 270],
		[130, "R8_2", 5251.45, 4227.52, "T", "SMD", "STBY", "", "R", 15, 20, 0, 270],
		[131, "R9_1", 5215.45, 4197.52, "T", "SMD", "ADR1", "", "R", 15, 20, 0, 270],
		[132, "R9_2", 5215.45, 4157.52, "T", "SMD", "GND", "GND", "R", 15, 20, 0, 270],
		[133, "R10_1", 4672.45, 4511.52, "T", "SMD", "BYPASS_CLKIN_N", "", "R", 15, 20, 0, 90],
		[134, "R10_2", 4672.45, 4551.52, "T", "SMD", "VCC3V3D", "", "R", 15, 20, 0, 90],
		[135, "R11_1", 4681.45, 4389.52, "T", "SMD", "SER_DATAIN_N", "", "R", 15, 20, 0, 180],
		[136, "R11_2", 4641.45, 4389.52, "T", "SMD", "VCC3V3D", "", "R", 15, 20, 0, 180],
		[137, "R12_1", 4518, 4748, "B", "SMD", "XSCO", "", "R", 15, 20, 0, 180],
		[138, "R12_2", 4478, 4748, "B", "SMD", "XSCI", "", "R", 15, 20, 0, 180],
		[139, "R13_1", 4957.45, 4587.52, "B", "SMD", "REXT", "", "R", 15, 20, 0, 0],
		[140, "R13_2", 4997.45, 4587.52, "B", "SMD", "GND", "GND", "R", 15, 20, 0, 0],
		[141, "R14_1", 5475, 4147, "B", "SMD", "ESCL", "", "R", 15, 20, 0, 270],
		[142, "R14_2", 5475, 4107, "B", "SMD", "VCC3V3D", "", "R", 15, 20, 0, 270],
		[143, "R15_1", 5473, 4174, "B", "SMD", "ESDA", "", "R", 15, 20, 0, 90],
		[144, "R15_2", 5473, 4214, "B", "SMD", "VCC3V3D", "", "R", 15, 20, 0, 90],
		[145, "R16_1", 4658, 4510, "B", "SMD", "CLK_27E", "", "R", 15, 20, 0, 90],
		[146, "R16_2", 4658, 4550, "B", "SMD", "CLK_27", "", "R", 15, 20, 0, 90],
		[147, "R18_1", 4246, 3989, "B", "SMD", "EXP", "", "R", 15, 20, 0, 180],
		[148, "R18_2", 4206, 3989, "B", "SMD", "EXT_SYNC", "", "R", 15, 20, 0, 180],
		[149, "TP1_1", 5487, 4018, "B", "SMD", "VCC3V3D", "", "C", 40, 40, 0, 270],
		[150, "TP2_1", 5244, 4528, "B", "SMD", "VCC3V3A", "", "C", 40, 40, 0, 270],
		[151, "TP3_1", 5890, 4238, "B", "SMD", "VCC5V_USB", "", "C", 40, 40, 0, 270],
		[152, "U1_1", 4930.61, 4580.71, "T", "SMD", "VCC3V3D", "", "R", 15.75, 68.9, 0, 0],
		[153, "U1_2", 4899.11, 4585.63, "T", "SMD", "U1_2", "", "R", 15.75, 59.06, 0, 0],
		[154, "U1_3", 4867.62, 4585.63, "T", "SMD", "U1_3", "", "R", 15.75, 59.06, 0, 0],
		[155, "U1_4", 4836.12, 4585.63, "T", "SMD", "U1_4", "", "R", 15.75, 59.06, 0, 0],
		[156, "U1_5", 4804.63, 4585.63, "T", "SMD", "U1_5", "", "R", 15.75, 59.06, 0, 0],
		[157, "U1_6", 4773.13, 4585.63, "T", "SMD", "VCC3V3D", "", "R", 15.75, 59.06, 0, 0],
		[158, "U1_7", 4731.2, 4543.7, "T", "SMD", "GND", "GND", "R", 15.75, 59.06, 0, 90],
		[159, "U1_8", 4731.2, 4512.2, "T", "SMD", "BYPASS_CLKIN_N", "", "R", 15.75, 59.06, 0, 90],
		[160, "U1_9", 4731.2, 4480.71, "T", "SMD", "GND", "GND", "R", 15.75, 59.06, 0, 90],
		[161, "U1_10", 4731.2, 4449.21, "T", "SMD", "SER_DATAIN_N", "", "R", 15.75, 59.06, 0, 90],
		[162, "U1_11", 4731.2, 4417.72, "T", "SMD", "GND", "GND", "R", 15.75, 59.06, 0, 90],
		[163, "U1_12", 4731.2, 4386.22, "T", "SMD", "GND", "GND", "R", 15.75, 59.06, 0, 90],
		[164, "U1_13", 4731.2, 4354.72, "T", "SMD", "GND", "GND", "R", 15.75, 59.06, 0, 90],
		[165, "U1_14", 4731.2, 4323.23, "T", "SMD", "VCC3V3D", "", "R", 15.75, 59.06, 0, 90],
		[166, "U1_15", 4731.2, 4291.73, "T", "SMD", "D5", "", "R", 15.75, 59.06, 0, 90],
		[167, "U1_16", 4731.2, 4260.24, "T", "SMD", "D6", "", "R", 15.75, 59.06, 0, 90],
		[168, "U1_17", 4731.2, 4228.74, "T", "SMD", "D7", "", "R", 15.75, 59.06, 0, 90],
		[169, "U1_18", 4731.2, 4197.24, "T", "SMD", "D8", "", "R", 15.75, 59.06, 0, 90],
		[170, "U1_19", 4773.13, 4155.31, "T", "SMD", "D9", "", "R", 15.75, 59.06, 0, 0],
		[171, "U1_20", 4804.63, 4155.31, "T", "SMD", "LV", "", "R", 15.75, 59.06, 0, 0],
		[172, "U1_21", 4836.12, 4155.31, "T", "SMD", "FV", "", "R", 15.75, 59.06, 0, 0],
		[173, "U1_22", 4867.62, 4155.31, "T", "SMD", "U1_22", "", "R", 15.75, 59.06, 0, 0],
		[174, "U1_23", 4899.11, 4155.31, "T", "SMD", "EXP", "", "R", 15.75, 59.06, 0, 0],
		[175, "U1_24", 4930.61, 4155.31, "T", "SMD", "SDA", "", "R", 15.75, 59.06, 0, 0],
		[176, "U1_25", 4962.11, 4155.31, "T", "SMD", "SCL", "", "R", 15.75, 59.06, 0, 0],
		[177, "U1_26", 4993.6, 4155.31, "T", "SMD", "U1_26", "", "R", 15.75, 59.06, 0, 0],
		[178, "U1_27", 5025.1, 4155.31, "T", "SMD", "LED_OUT", "", "R", 15.75, 59.06, 0, 0],
		[179, "U1_28", 5056.59, 4155.31, "T", "SMD", "OE", "", "R", 15.75, 59.06, 0, 0],
		[180, "U1_29", 5088.09, 4155.31, "T", "SMD", "GND", "GND", "R", 15.75, 59.06, 0, 0],
		[181, "U1_30", 5119.59, 4155.31, "T", "SMD", "ADR0", "", "R", 15.75, 59.06, 0, 0],
		[182, "U1_31", 5161.52, 4197.24, "T", "SMD", "ADR1", "", "R", 15.75, 59.06, 0, 90],
		[183, "U1_32", 5161.52, 4228.74, "T", "SMD", "SRST_B", "", "R", 15.75, 59.06, 0, 90],
		[184, "U1_33", 5161.52, 4260.24, "T", "SMD", "STBY", "", "R", 15.75, 59.06, 0, 90],
		[185, "U1_34", 5161.52, 4291.73, "T", "SMD", "GND", "GND", "R", 15.75, 59.06, 0, 90],
		[186, "U1_35", 5161.52, 4323.23, "T", "SMD", "VCC3V3A", "", "R", 15.75, 59.06, 0, 90],
		[187, "U1_36", 5161.52, 4354.72, "T", "SMD", "U1_36", "", "R", 15.75, 59.06, 0, 90],
		[188, "U1_37", 5161.52, 4386.22, "T", "SMD", "U1_37", "", "R", 15.75, 59.06, 0, 90],
		[189, "U1_38", 5161.52, 4417.72, "T", "SMD", "GND", "GND", "R", 15.75, 59.06, 0, 90],
		[190, "U1_39", 5161.52, 4449.21, "T", "SMD", "VCC3V3A", "", "R", 15.75, 59.06, 0, 90],
		[191, "U1_40", 5161.52, 4480.71, "T", "SMD", "VCC3V3A", "", "R", 15.75, 59.06, 0, 90],
		[192, "U1_41", 5161.52, 4512.2, "T", "SMD", "D4", "", "R", 15.75, 59.06, 0, 90],
		[193, "U1_42", 5161.52, 4543.7, "T", "SMD", "D3", "", "R", 15.75, 59.06, 0, 90],
		[194, "U1_43", 5119.59, 4585.63, "T", "SMD", "D2", "", "R", 15.75, 59.06, 0, 0],
		[195, "U1_44", 5088.09, 4585.63, "T", "SMD", "U1_44", "", "R", 15.75, 59.06, 0, 0],
		[196, "U1_45", 5056.59, 4585.63, "T", "SMD", "U1_45", "", "R", 15.75, 59.06, 0, 0],
		[197, "U1_46", 5025.1, 4585.63, "T", "SMD", "PCLK", "", "R", 15.75, 59.06, 0, 0],
		[198, "U1_47", 4993.6, 4585.63, "T", "SMD", "CLK_27", "", "R", 15.75, 59.06, 0, 0],
		[199, "U1_48", 4962.11, 4585.63, "T", "SMD", "GND", "GND", "R", 15.75, 59.06, 0, 0],
		[200, "U2_1", 4819.18, 4508.94, "B", "SMD", "ESP1V8", "", "O", 11.81, 82.68, 0, 180],
		[201, "U2_2", 4838.87, 4508.94, "B", "SMD", "XSCO", "", "O", 11.81, 82.68, 0, 180],
		[202, "U2_3", 4858.55, 4508.94, "B", "SMD", "XSCI", "", "O", 11.81, 82.68, 0, 180],
		[203, "U2_4", 4878.24, 4508.94, "B", "SMD", "GND", "GND", "O", 11.81, 82.68, 0, 180],
		[204, "U2_5", 4897.92, 4508.94, "B", "SMD", "USBDATA_N", "", "O", 11.81, 82.68, 0, 180],
		[205, "U2_6", 4917.61, 4508.94, "B", "SMD", "USBDATA_P", "", "O", 11.81, 82.68, 0, 180],
		[206, "U2_7", 4937.29, 4508.94, "B", "SMD", "ESP3V3", "", "O", 11.81, 82.68, 0, 180],
		[207, "U2_8", 4956.98, 4508.94, "B", "SMD", "REXT", "", "O", 11.81, 82.68, 0, 180],
		[208, "U2_9", 4976.66, 4508.94, "B", "SMD", "ESP3V3", "", "O", 11.81, 82.68, 0, 180],
		[209, "U2_10", 4996.35, 4508.94, "B", "SMD", "VCC5V_USB_FILT", "", "O", 11.81, 82.68, 0, 180],
		[210, "U2_11", 5016.03, 4508.94, "B", "SMD", "ESP2V8", "", "O", 11.81, 82.68, 0, 180],
		[211, "U2_12", 5035.72, 4508.94, "B", "SMD", "GND", "GND", "O", 11.81, 82.68, 0, 180],
		[212, "U2_13", 5088.87, 4455.79, "B", "SMD", "ESP1V8", "", "O", 11.81, 82.68, 0, 270],
		[213, "U2_14", 5088.87, 4436.1, "B", "SMD", "ESPVAA", "", "O", 11.81, 82.68, 0, 270],
		[214, "U2_15", 5088.87, 4416.42, "B", "SMD", "ESPVAA", "", "O", 11.81, 82.68, 0, 270],
		[215, "U2_16", 5088.87, 4396.73, "B", "SMD", "U2_16", "", "O", 11.81, 82.68, 0, 270],
		[216, "U2_17", 5088.87, 4377.05, "B", "SMD", "U2_17", "", "O", 11.81, 82.68, 0, 270],
		[217, "U2_18", 5088.87, 4357.36, "B", "SMD", "GND", "GND", "O", 11.81, 82.68, 0, 270],
		[218, "U2_19", 5088.87, 4337.68, "B", "SMD", "NETC27_1", "", "O", 11.81, 82.68, 0, 270],
		[219, "U2_20", 5088.87, 4317.99, "B", "SMD", "NETC28_1", "", "O", 11.81, 82.68, 0, 270],
		[220, "U2_21", 5088.87, 4298.31, "B", "SMD", "ESP1V8", "", "O", 11.81, 82.68, 0, 270],
		[221, "U2_22", 5088.87, 4278.62, "B", "SMD", "GND", "GND", "O", 11.81, 82.68, 0, 270],
		[222, "U2_23", 5088.87, 4258.94, "B", "SMD", "ESDA", "", "O", 11.81, 82.68, 0, 270],
		[223, "U2_24", 5088.87, 4239.25, "B", "SMD", "ESCL", "", "O", 11.81, 82.68, 0, 270],
		[224, "U2_25", 5035.72, 4186.1, "B", "SMD", "SRST_B", "", "O", 11.81, 82.68, 0, 180],
		[225, "U2_26", 5016.03, 4186.1, "B", "SMD", "GPIO3", "", "O", 11.81, 82.68, 0, 180],
		[226, "U2_27", 4996.35, 4186.1, "B", "SMD", "STBY", "", "O", 11.81, 82.68, 0, 180],
		[227, "U2_28", 4976.66, 4186.1, "B", "SMD", "ESP3V3", "", "O", 11.81, 82.68, 0, 180],
		[228, "U2_29", 4956.98, 4186.1, "B", "SMD", "SCL", "", "O", 11.81, 82.68, 0, 180],
		[229, "U2_30", 4937.29, 4186.1, "B", "SMD", "SDA", "", "O", 11.81, 82.68, 0, 180],
		[230, "U2_31", 4917.61, 4186.1, "B", "SMD", "FV", "", "O", 11.81, 82.68, 0, 180],
		[231, "U2_32", 4897.92, 4186.1, "B", "SMD", "LV", "", "O", 11.81, 82.68, 0, 180],
		[232, "U2_33", 4878.24, 4186.1, "B", "SMD", "D9", "", "O", 11.81, 82.68, 0, 180],
		[233, "U2_34", 4858.55, 4186.1, "B", "SMD", "D8", "", "O", 11.81, 82.68, 0, 180],
		[234, "U2_35", 4838.87, 4186.1, "B", "SMD", "ESP3V3", "", "O", 11.81, 82.68, 0, 180],
		[235, "U2_36", 4819.18, 4186.1, "B", "SMD", "D7", "", "O", 11.81, 82.68, 0, 180],
		[236, "U2_37", 4766.03, 4239.25, "B", "SMD", "D6", "", "O", 11.81, 82.68, 0, 270],
		[237, "U2_38", 4766.03, 4258.94, "B", "SMD", "D5", "", "O", 11.81, 82.68, 0, 270],
		[238, "U2_39", 4766.03, 4278.62, "B", "SMD", "D4", "", "O", 11.81, 82.68, 0, 270],
		[239, "U2_40", 4766.03, 4298.31, "B", "SMD", "D3", "", "O", 11.81, 82.68, 0, 270],
		[240, "U2_41", 4766.03, 4317.99, "B", "SMD", "D2", "", "O", 11.81, 82.68, 0, 270],
		[241, "U2_42", 4766.03, 4337.68, "B", "SMD", "PCLK", "", "O", 11.81, 82.68, 0, 270],
		[242, "U2_43", 4766.03, 4357.36, "B", "SMD", "GND", "GND", "O", 11.81, 82.68, 0, 270],
		[243, "U2_44", 4766.03, 4377.05, "B", "SMD", "ESP1V8", "", "O", 11.81, 82.68, 0, 270],
		[244, "U2_45", 4766.03, 4396.73, "B", "SMD", "CLK_27E", "", "O", 11.81, 82.68, 0, 270],
		[245, "U2_46", 4766.03, 4416.42, "B", "SMD", "ESP3V3", "", "O", 11.81, 82.68, 0, 270],
		[246, "U2_47", 4766.03, 4436.1, "B", "SMD", "GPIO0", "", "O", 11.81, 82.68, 0, 270],
		[247, "U2_48", 4766.03, 4455.79, "B", "SMD", "RSTN", "", "O", 11.81, 82.68, 0, 270],
		[248, "U3_1", 4200.63, 4195.09, "B", "SMD", "UC_RST_B", "", "R", 11.81, 11.81, 0, 90],
		[249, "U3_2", 4220.31, 4187.21, "B", "SMD", "U3_2", "", "R", 27.56, 11.81, 0, 90],
		[250, "U3_3", 4240, 4187.21, "B", "SMD", "U3_3", "", "R", 27.56, 11.81, 0, 90],
		[251, "U3_4", 4259.69, 4187.21, "B", "SMD", "GND", "GND", "R", 27.56, 11.81, 0, 90],
		[252, "U3_5", 4279.37, 4195.09, "B", "SMD", "VCAP", "", "R", 11.81, 11.81, 0, 90],
		[253, "U3_6", 4297.09, 4177.37, "B", "SMD", "VCC3V3D", "", "R", 11.81, 11.81, 0, 90],
		[254, "U3_7", 4289.21, 4157.69, "B", "SMD", "STATUS_LED", "", "R", 11.81, 27.56, 0, 90],
		[255, "U3_8", 4289.21, 4138, "B", "SMD", "SDA", "", "R", 11.81, 27.56, 0, 90],
		[256, "U3_9", 4289.21, 4118.32, "B", "SMD", "SCL", "", "R", 11.81, 27.56, 0, 90],
		[257, "U3_10", 4297.09, 4098.63, "B", "SMD", "EXP", "", "R", 11.81, 11.81, 0, 90],
		[258, "U3_11", 4279.37, 4080.91, "B", "SMD", "IR_SYNC", "", "R", 11.81, 11.81, 0, 90],
		[259, "U3_12", 4259.69, 4088.79, "B", "SMD", "GPIO3", "", "R", 27.56, 11.81, 0, 90],
		[260, "U3_13", 4240, 4088.79, "B", "SMD", "EXT_SYNC", "", "R", 27.56, 11.81, 0, 90],
		[261, "U3_14", 4220.31, 4088.79, "B", "SMD", "GPIO0", "", "R", 27.56, 11.81, 0, 90],
		[262, "U3_15", 4200.63, 4080.91, "B", "SMD", "UC_SWIM", "", "R", 11.81, 11.81, 0, 90],
		[263, "U3_16", 4182.91, 4098.63, "B", "SMD", "U3_16", "", "R", 11.81, 11.81, 0, 90],
		[264, "U3_17", 4190.79, 4118.32, "B", "SMD", "U3_17", "", "R", 11.81, 27.56, 0, 90],
		[265, "U3_18", 4190.79, 4138, "B", "SMD", "U3_18", "", "R", 11.81, 27.56, 0, 90],
		[266, "U3_19", 4190.79, 4157.69, "B", "SMD", "U3_19", "", "R", 11.81, 27.56, 0, 90],
		[267, "U3_20", 4182.91, 4177.37, "B", "SMD", "U3_20", "", "R", 11.81, 11.81, 0, 90],
		[268, "U4_1", 5399.86, 4136.24, "T", "SMD", "VCC3V3D", "", "R", 23.62, 9.84, 0, 90],
		[269, "U4_2", 5425.45, 4136.24, "T", "SMD", "U4_2", "", "R", 23.62, 9.84, 0, 90],
		[270, "U4_3", 5451.04, 4136.24, "T", "SMD", "GND", "GND", "R", 23.62, 9.84, 0, 90],
		[271, "U4_4", 5451.04, 4226.8, "T", "SMD", "VCC5V_USB_FILT", "", "R", 23.62, 9.84, 0, 90],
		[272, "U4_5", 5425.45, 4226.8, "T", "SMD", "VCC5V_USB_FILT", "", "R", 23.62, 9.84, 0, 90],
		[273, "U4_6", 5399.86, 4226.8, "T", "SMD", "VCC5V_USB_FILT", "", "R", 23.62, 9.84, 0, 90],
		[274, "U4_7", 5425.45, 4181.52, "T", "SMD", "GND", "GND", "R", 29.53, 47.24, 0, 90],
		[275, "U5_1", 5252.77, 4097.13, "B", "SMD", "GND", "GND", "O", 14.76, 66.93, 0, 270],
		[276, "U5_2", 5252.77, 4122.72, "B", "SMD", "GND", "GND", "O", 14.76, 66.93, 0, 270],
		[277, "U5_3", 5252.77, 4148.31, "B", "SMD", "GND", "GND", "O", 14.76, 66.93, 0, 270],
		[278, "U5_4", 5252.77, 4173.91, "B", "SMD", "GND", "GND", "O", 14.76, 66.93, 0, 270],
		[279, "U5_5", 5418.13, 4173.91, "B", "SMD", "ESDA", "", "O", 14.76, 66.93, 0, 270],
		[280, "U5_6", 5418.13, 4148.31, "B", "SMD", "ESCL", "", "O", 14.76, 66.93, 0, 270],
		[281, "U5_7", 5418.13, 4122.72, "B", "SMD", "GND", "GND", "O", 14.76, 66.93, 0, 270],
		[282, "U5_8", 5418.13, 4097.13, "B", "SMD", "VCC3V3D", "", "O", 14.76, 66.93, 0, 270],
		[283, "U6_1", 5687.75, 4363.86, "T", "SMD", "GND", "GND", "R", 16.54, 8.66, 0, 270],
		[284, "U6_2", 5672, 4363.86, "T", "SMD", "USBDATA_P", "", "R", 16.54, 8.66, 0, 270],
		[285, "U6_3", 5656.25, 4363.86, "T", "SMD", "USBDATA_N", "", "R", 16.54, 8.66, 0, 270],
		[286, "U6_4", 5656.25, 4296.14, "T", "SMD", "USBDATA_N", "", "R", 16.54, 8.66, 0, 270],
		[287, "U6_5", 5672, 4296.14, "T", "SMD", "USBDATA_P", "", "R", 16.54, 8.66, 0, 270],
		[288, "U6_6", 5687.75, 4296.14, "T", "SMD", "VCC5V_USB", "", "R", 16.54, 8.66, 0, 270],
		[289, "X1_1", 4434.69, 4504.2, "B", "SMD", "XSCI", "", "R", 47.24, 59.06, 0, 90],
		[290, "X1_2", 4434.69, 4654.2, "B", "SMD", "X1_2", "", "R", 47.24, 59.06, 0, 90],
		[291, "X1_3", 4521.31, 4654.2, "B", "SMD", "XSCO", "", "R", 47.24, 59.06, 0, 90],
		[292, "X1_4", 4521.31, 4504.2, "B", "SMD", "X1_4", "", "R", 47.24, 59.06, 0, 90]
	]
}
}